Total Steps Rank,Name,Total Steps,Avg Daily Steps, Daily Step Goal, Total Distance (mi),Total Distance (km), Avg Daily Distance (mi),Avg Daily Distance (km),2026-08-01,2026-08-02,2026-08-03,2026-08-04,2026-08-05,2026-08-06,2026-08-07,2026-08-08,2026-08-09,2026-08-10,2026-08-11,2026-08-12,2026-08-13,2026-08-14,2026-08-15,2026-08-16,2026-08-17,2026-08-18
1,✨ Marielly ✨ ,566549,31474,10000,257.52,414.44,14.31,23.03,37026,35306,24987,19257,28916,24450,25184,31349,41061,30359,33798,37818,32952,39293,40352,30630,23687,30124
2,Shannon ,453070,25170,8000,205.94,331.43,11.44,18.41,32002,36213,21762,19116,27224,21297,24186,20636,28216,26159,23338,21175,24510,30386,29506,29058,23692,14594
3,soulitaire ,394093,21894,10000,179.13,288.28,9.95,16.01,27835,14547,23839,17579,24857,3662,35518,24399,22014,13564,17695,30533,32528,21140,20374,24515,17318,22176
4,Janella  S,286311,15906,5000,130.14,209.44,7.23,11.64,26018,14370,19066,18282,15493,20094,13012,19885,10458,10403,18846,10545,15702,17735,19242,11516,10061,15583
5,Freya ,285968,15887,10000,129.99,209.20,7.22,11.62,4929,22979,6241,6762,6528,13631,14172,19438,9425,33218,18326,33657,29479,16177,8419,14228,10952,17407
6, イヴェット 🌷 ,285409,15856,10000,129.73,208.78,7.21,11.60,20316,21666,14867,18359,20944,18850,12552,21822,27357,6313,19840,18586,14355,15595,12359,6289,7077,8262
7,Cholo ,275043,15280,10000,125.02,201.20,6.95,11.18,15716,2945,13724,25780,25163,9227,14927,93,1579,5811,19232,28212,30102,34983,30893,5078,828,10750
8,kiki 🍊 ,239745,13319,10000,108.97,175.37,6.05,9.74,30171,7817,9828,28180,16692,24587,9154,5691,9207,15063,21723,17695,14201,9708,4523,10082,1064,4359
9,Volunteer ,236896,13160,9000,107.68,173.29,5.98,9.62,4992,23088,168,10116,4340,10818,26251,12175,23050,10551,4481,5250,25786,6957,54376,6726,2703,5068
10,J ,232859,12936,10000,105.84,170.33,5.88,9.46,9598,12075,11681,14467,8220,10612,16626,17733,18210,10817,20427,18802,11626,12567,19238,10063,1063,9034
11,Warren ,221510,13844,10000,100.69,162.04,6.29,10.12,9683,12196,10777,28919,15371,18061,12846,15429,5256,18293,17933,14327,7208,16463,16049,2699,N.A,N.A
12,Chaffee ,205269,11403,7000,93.30,150.15,5.18,8.34,13843,12577,15861,2087,17046,7643,11767,11481,9952,3122,14616,13293,8014,15622,9050,10838,13540,14917
13,X V,196408,10911,8000,89.28,143.68,4.96,7.98,19415,12834,11060,13323,3940,12906,12601,13128,10675,8591,9648,9070,8893,8277,7044,9947,16649,8407
14,Neil ,189974,10554,5000,86.35,138.97,4.80,7.72,37189,41134,10266,13253,1687,13850,9852,1133,327,443,10516,11781,13352,2839,18193,3120,919,120
15,tinapay 🥐 ,170668,9481,6000,77.58,124.85,4.31,6.94,7481,7587,13306,14069,17146,12694,12115,10293,5075,1717,8207,7187,13806,6953,6038,8040,6629,12325
16,🌱 Levi 🌱 ,168364,9353,6000,76.53,123.16,4.25,6.84,21243,3710,13880,13779,11274,10014,11558,5571,2888,9449,8339,8122,7791,8201,10722,5273,10188,6362
17,fitbet ,150145,8341,5000,68.25,109.84,3.79,6.10,11691,9314,17063,8739,6663,6122,5826,2931,10358,5450,3994,15662,9124,2197,4070,6924,12993,11024
18,Paang Gala,149066,8281,10000,67.76,109.05,3.76,6.05,20120,15084,3864,7155,7143,5296,4787,7841,6405,4012,16103,5712,9417,15495,18148,2048,374,62
19,Tony Lambino,143914,7995,4500,65.42,105.28,3.63,5.84,5700,4133,5311,4936,5386,3366,6411,7600,18185,23637,17782,5645,14555,2786,3305,3546,5710,5920
20,mikalometer ,141313,7850,7000,64.23,103.37,3.57,5.75,11238,5726,10244,8495,11998,10020,2946,1670,5106,2748,9750,9124,5779,3796,11237,11675,7855,11906
21,Ari ,136307,7572,5000,61.96,99.71,3.44,5.54,11357,5783,7690,10682,7938,8911,11674,5375,5155,4050,4366,5202,10028,6862,7366,7537,10883,5448
22,Z ,135398,7522,5000,61.54,99.04,3.42,5.50,390,3822,19,643,17043,16758,21312,23767,37505,160,725,5426,238,48,631,241,6542,128
23,Cara ,128580,7143,10000,58.45,94.07,3.25,5.23,2202,7890,7332,7648,5395,10104,6357,8441,15312,5413,3024,6806,12374,2651,7691,15184,1945,2811
24,Jei ,123981,6887,7000,56.35,90.69,3.13,5.04,190,116,9019,8722,2971,13041,10463,1916,12793,4653,11284,11610,10997,11449,10443,1685,1788,841
25,Jem Hilario,123379,6854,6000,56.08,90.25,3.12,5.02,6420,6849,5169,10032,4518,11111,7714,7258,3933,1044,117,8010,12671,796,11738,8886,8975,8138
26,Kat ,116986,6499,5000,53.18,85.58,2.95,4.75,1106,6779,67,5565,3885,3259,10178,6443,3818,9105,9964,10044,7268,10918,3800,4299,11765,8723
27,clembot ,116008,6444,6500,52.73,84.86,2.93,4.72,199,19665,7754,9422,5702,5836,4775,624,6588,5503,9433,11180,261,694,11992,8215,626,7539
28,French 🍟 ,114586,7639,5000,52.08,83.81,3.47,5.58,6417,4747,6676,6277,7317,11972,7583,5611,6581,12259,5009,8291,10475,10446,4925,N.A,N.A,N.A
29,Enzo Buenaflor,108060,6753,5000,49.12,79.05,3.07,4.94,5710,2847,4581,4665,7359,9667,7924,3097,5424,11054,4204,12385,10144,9347,7274,2378,N.A,N.A
30,Clifford ✨ ,108002,6000,5000,49.09,79.00,2.73,4.39,4486,6425,3191,12453,1318,5527,6900,5361,1408,10164,13209,7194,1671,2977,6595,4569,9622,4932
31,Prince JE🤴,105772,5876,5000,48.08,77.38,2.67,4.30,3672,3086,7993,7790,8874,10686,838,2292,6727,11796,8233,6763,1432,4919,4535,3903,6606,5627
32,Tenten Mina,103037,5724,6000,46.84,75.38,2.60,4.18,2109,1862,10436,6924,6530,9135,540,622,3471,7754,4638,6035,7598,10933,9578,649,6338,7885
33,Codex 🤸 지후,102171,6811,10000,46.44,74.74,3.10,4.99,14907,27968,2464,1967,8127,1091,8789,6634,142,97,6379,217,8566,11180,3643,N.A,N.A,N.A
34,Marlito Cabigas,99985,5554,5000,45.45,73.14,2.52,4.06,11532,4212,320,1416,1045,3512,7505,10354,12726,2248,2736,6241,11887,5819,5144,4434,5311,3543
35,va e,98812,5489,4000,44.91,72.28,2.50,4.02,10491,9964,7020,1835,5483,6627,1495,8683,13288,470,4047,4390,1352,842,12051,2831,3619,4324
36,Jo  Gando,84789,5299,7000,38.54,62.02,2.41,3.88,12030,5200,3319,6621,4361,9886,2925,396,5642,1627,2974,5114,8716,1767,13374,837,N.A,N.A
37,Charabao  ,80778,4487,10000,36.72,59.09,2.04,3.28,16548,12216,6296,2954,344,257,261,6151,916,6317,3594,8424,3525,5251,6231,506,511,476
38,Joan ,75204,4178,5000,34.18,55.01,1.90,3.06,13375,3968,99,4003,7574,1242,3969,5631,189,5733,9640,119,6308,3151,340,4248,5323,292
39,Ludette ,71677,3982,10000,32.58,52.43,1.81,2.91,5882,1271,898,6521,5103,6858,3139,3994,717,3336,10927,5878,4139,1928,1810,1518,7091,667
40,Kang ,71581,4772,5000,32.54,52.37,2.17,3.49,6357,434,12247,8546,4614,7152,4721,111,3090,98,10469,6340,1107,6169,126,N.A,N.A,N.A
41,Koala 🐨 ,69738,3874,10000,31.70,51.02,1.76,2.83,1305,3335,8,51,17,10378,11483,1735,42,61,1870,38,14160,10119,2029,1322,10331,1454
42,Syne ,66785,3710,4000,30.36,48.86,1.69,2.72,655,378,703,5873,3816,6416,6453,114,145,7576,7037,3791,7100,7665,155,3049,3510,2349
43,Rendz Ramirez,66548,3697,8000,30.25,48.68,1.68,2.70,5928,4949,1132,1155,2953,4876,1183,3892,3370,154,119,4805,3423,4088,10680,9509,4245,87
44,DM ,66062,3670,7000,30.03,48.33,1.67,2.69,7817,7224,1368,551,6666,3345,3510,2147,802,231,6446,7111,8322,1194,4516,2982,914,916
45,Arriel Quinto,65364,4085,8000,29.71,47.81,1.86,2.99,3782,3751,4407,6745,7702,8267,3424,6625,3882,194,625,6155,490,5362,2021,1932,N.A,N.A
46,Jun Virola,61605,3422,5000,28.00,45.06,1.56,2.51,10025,5001,1866,4544,496,10155,4382,2594,4484,234,239,4271,2802,250,3929,2076,925,3332
47,Sarah Sevilla,59869,3326,5000,27.21,43.79,1.51,2.43,1829,604,682,4891,8750,6597,321,326,983,608,8597,6372,7339,10172,1062,441,146,149
48,xtinasal 🍗,59617,3506,5000,27.10,43.61,1.59,2.56,10476,2735,5110,431,445,666,5750,1035,3567,497,3518,4066,7183,622,7509,722,5285,N.A
49,Hazel Iris ,59573,3309,5000,27.08,43.58,1.50,2.41,2495,634,4628,129,7234,9091,100,254,2185,6600,3640,3592,9220,1342,714,193,6785,737
50,Jox To Go,57712,3206,10000,26.23,42.21,1.46,2.35,190,4845,1204,14598,4742,6091,1230,655,1257,170,4123,280,8839,235,175,812,1673,6593
51,cassie 💛 ,56046,3113,8000,25.48,41.01,1.42,2.29,2596,4130,6212,6389,1942,5358,1015,2562,2397,1765,630,5581,548,1915,3927,2387,5010,1682
52,Mayn ,53690,3579,1000,24.40,39.27,1.63,2.62,N.A,N.A,2422,7010,1686,5071,33,117,7042,4647,1350,1099,4724,43,7068,6754,4624,N.A
53,Christian Vallez,50324,2795,10000,22.87,36.81,1.27,2.04,1697,1225,1802,1429,1625,2027,3609,2892,5301,2379,4329,3040,2674,3275,4349,3191,3313,2167
54,💖 ₱ $ 💖,43246,2543,5000,19.66,31.64,1.16,1.87,6888,5174,5251,2241,1238,2790,31,155,673,114,3401,69,4224,338,8649,1714,296,N.A
55,Kimmy 🧘‍♀️ ,43173,2398,5000,19.62,31.58,1.09,1.75,5918,1755,229,1022,322,1606,5388,4300,2354,269,2392,4980,224,242,7293,1552,2764,563
56,Scholar ,38570,2268,5000,17.53,28.21,1.03,1.66,326,1808,3240,499,5445,9634,3941,2070,626,1717,228,3086,17,5181,225,519,8,N.A
57,Silvermist 🩵 ,28281,2571,7000,12.85,20.68,1.17,1.88,26,264,1210,5309,4603,7899,673,N.A,N.A,N.A,39,4509,1475,2274,N.A,N.A,N.A,N.A
58,Ryan Jay Dela Rosa,14965,997,8000,6.80,10.94,0.45,0.72,12,135,1388,574,33,149,1184,331,287,198,53,736,4990,4711,184,N.A,N.A,N.A
